Название категории;Название родительской категории
ЛАТЕКС;
ФОЛЬГА;
ОБОРУДОВАНИЕ;
ПРАЗДНИК;
КАРНАВАЛ;
УПАКОВКА;
Круглые без рисунка;ЛАТЕКС
Круглые с рисунком;ЛАТЕКС
Шары для моделирования;ЛАТЕКС
Сердца;ЛАТЕКС
Шары для упаковки;ЛАТЕКС
Линколуны;ЛАТЕКС
Deco Bubble;ФОЛЬГА
3D фигуры c рисунком;ФОЛЬГА
Шары-самодувы;ФОЛЬГА
Оформительские без рисунка;ФОЛЬГА
17-22'' Звезды;Оформительские без рисунка
18'' Круги;Оформительские без рисунка
18-21'' Сергдца;Оформительские без рисунка
Полимерный клей для шаров;ОБОРУДОВАНИЕ
Маркеры и наклейки;ОБОРУДОВАНИЕ
Светодиодная подсветка;ОБОРУДОВАНИЕ
Печать на шарах;ОБОРУДОВАНИЕ
Аксессуары для шаров;ОБОРУДОВАНИЕ
Компрессоры и насосы;ОБОРУДОВАНИЕ
Виниловые стикеры;Маркеры и наклейки
Маркеры;Маркеры и наклейки
Наклейки-буквы;Маркеры и наклейки
Наклейки-глазки;Маркеры и наклейки
Одноразовая посуда;ПРАЗДНИК
Свечи для торта;ПРАЗДНИК
Топперы;ПРАЗДНИК
Бенгальские огни и фонтаны;ПРАЗДНИК
Хлопушки, дым, краска Холи;ПРАЗДНИК
Пиньяты;ПРАЗДНИК
Одноразовые стаканы;Одноразовая посуда
Одноразовые тарелки;Одноразовая посуда
Одноразовые салфетки;Одноразовая посуда
Трубочки и палочки для коктейлей;Одноразовая посуда
Наборы свечей;ПРАЗДНИК
Свечи-надписи;ПРАЗДНИК
Свечи-фигуры;ПРАЗДНИК
Свечи-цифры;ПРАЗДНИК
Поздравления и пожелания;Топперы
Топперы на День Рождения;Топперы
Топперы на каждый день;Топперы
Топперы на свадьбу;Топперы
Топперы на Юбилей;Топперы
Топперы с Любовью;Топперы
Топперы Цифры;Топперы
Дым;Хлопушки, дым, краска Холи
Пневмохлопушки;Хлопушки, дым, краска Холи
Пружинные хлопушки;Хлопушки, дым, краска Холи
Краска Холи;Хлопушки, дым, краска Холи
Наборы с крыльями;КАРНАВАЛ
Надувные крылья-шары;КАРНАВАЛ
Шляпы, пилотки, платки;КАРНАВАЛ
Новогодние колпаки;Шляпы, пилотки, платки
Пилотки и бескозырки;Шляпы, пилотки, платки
Шляпы;Шляпы, пилотки, платки
Пакеты;УПАКОВКА
Коробки;УПАКОВКА
Банты;УПАКОВКА
Коробки для воздушных шаров;Коробки
Складные коробки;Коробки
Коробки Цилиндр;Коробки
Коробки подарочные;Коробки
Наборы коробок 2 в 1;Коробки
Декоративные ящики;Коробки
